{"cameraMode":{"drawMode":0,"name":"Shaded","section":"Shading Mode"},"sceneLighting":false,"audioPlay":false,"sceneViewState":{"showFog":true,"showMaterialUpdate":false,"showSkybox":false,"showFlares":true,"showImageEffects":true,"showParticleSystems":true,"showVisualEffectGraphs":true,"m_FxEnabled":true},"in2DMode":false,"pivot":{"x":-0.03570255637168884,"y":0.9139884114265442,"z":-0.19364389777183534},"rotation":{"x":-0.38386982679367068,"y":0.1962752342224121,"z":-0.08386671543121338,"w":-0.8983801007270813},"size":1.1841530799865723,"orthographic":false}