{"cameraMode":{"drawMode":0,"name":"Shaded","section":"Shading Mode"},"sceneLighting":false,"audioPlay":false,"sceneViewState":{"showFog":true,"showMaterialUpdate":false,"showSkybox":false,"showFlares":true,"showImageEffects":true,"showParticleSystems":true,"showVisualEffectGraphs":true,"m_FxEnabled":true},"in2DMode":false,"pivot":{"x":-0.07213088870048523,"y":1.0592128038406373,"z":-0.043313294649124148},"rotation":{"x":-0.38386982679367068,"y":0.1962752342224121,"z":-0.08386671543121338,"w":-0.8983801007270813},"size":1.4841530323028565,"orthographic":false}